metric,value
MAE_C,0.1822210518655886
RMSE_C,0.2636000102741808
Max_Error_C,2.318021774291992
Solver_Time_s,0.1293628215789795
PINN_Inference_Time_s,0.03601479530334473
